name,icon,cover,restype,tags,devices,path,paid_type
????????????,https://raw.githubusercontent.com/Searchstars/Hyperbilibili_AstroBox_Release/refs/heads/main/icon.png,https://raw.githubusercontent.com/Searchstars/Hyperbilibili_AstroBox_Release/refs/heads/main/preview.png,quickapp,?????????;????????????;??????;??????;??????;??????;????????????;B???;b???,n62;o62;o65m;n67,searchstars/hyperbili.json,
Starfield Chronomark,https://raw.githubusercontent.com/Searchstars/StarfieldWatchFace_AstroBox_Release/refs/heads/main/icon.png,https://raw.githubusercontent.com/Searchstars/StarfieldWatchFace_AstroBox_Release/refs/heads/main/preview.png,watchface,??????;Starfield;??????;??????;??€???,n62;o62,searchstars/starfield_watchface.json,
??????Pro,https://raw.githubusercontent.com/wuhaiqi0621/muyuPro_ForAstroBox/refs/heads/main/icon.png,https://raw.githubusercontent.com/wuhaiqi0621/muyuPro_ForAstroBox/refs/heads/main/head.png,quickapp,????????????;??????;??????,n66;n67;o66;o66nfc,charlie_q/muyuPro.json,paid
Hyper Box,https://raw.githubusercontent.com/wuhaiqi0621/HyperBox_ForAstroBox/refs/heads/main/icon.png,https://raw.githubusercontent.com/wuhaiqi0621/HyperBox_ForAstroBox/refs/heads/main/head.png,quickapp,????????????;?????????;?????????;?????????;????????€??€;?????????;????????????;??????;?€??????????;????????????;?????????;?????????;?????????,n66;n67;o66;o66nfc,charlie_q/hyperbox.json,
?€??????? ?????????,https://raw.githubusercontent.com/sf-yuzifu/Daymatter_Quickapp_AstroBox_Release/refs/heads/main/icon.png,https://raw.githubusercontent.com/sf-yuzifu/Daymatter_Quickapp_AstroBox_Release/refs/heads/main/preview.png,quickapp,????????????;??????;?€???????;?€???????;?????????;??????;??????,n66;n67;o62;o62m;o65;o65m;o66;o66nfc,sf_yuzifu/daymatter_quickapp.json,
?€??????? ??????,https://raw.githubusercontent.com/sf-yuzifu/Daymatter_Watchface_AstroBox_Release/refs/heads/main/icon.png,https://raw.githubusercontent.com/sf-yuzifu/Daymatter_Watchface_AstroBox_Release/refs/heads/main/preview.png,watchface,????????????;??????;?€???????;?€???????;?????????;??????;??????;??????,n66;n67;o62;o62m;o66;o66nfc,sf_yuzifu/daymatter_watchface.json,
?????????????????????,https://raw.githubusercontent.com/sf-yuzifu/FireworkMaster_AstroBox_Release/refs/heads/main/icon.png,https://raw.githubusercontent.com/sf-yuzifu/FireworkMaster_AstroBox_Release/refs/heads/main/preview.png,quickapp,??????;??????;??????;????????????,n66;n67;o65;o65m;o66;o66nfc,sf_yuzifu/firework_master.json,
???????????????,https://raw.githubusercontent.com/NEORUAA/MiaoReader_AstroBox_Release/refs/heads/main/icon.png,https://raw.githubusercontent.com/NEORUAA/MiaoReader_AstroBox_Release/refs/heads/main/cover.png,quickapp,????????????;?????????;??????;??????,o66;o66nfc;n67,neoruaa/miao_reader.json,
??????,https://raw.githubusercontent.com/aurysian-yan/leap-n67-astrobox/refs/heads/main/icon.png,https://raw.githubusercontent.com/aurysian-yan/leap-n67-astrobox/refs/heads/main/cover.png,watchface,??????;??????;??????;????????????,n67,aurysian_yan/leap.json,
????????????,https://raw.githubusercontent.com/DDguan2010/vela-minecraft/refs/heads/main/icon.png,https://raw.githubusercontent.com/DDguan2010/vela-minecraft/refs/heads/main/preview0.png,quickapp,??????;????????????;??€?????????;??????,o66;o66nfc;n66;n67,02studio/minecraft.json,force_paid
realive 3(??????),https://raw.githubusercontent.com/CoraTech-Wear/realive-3-Watchface/refs/heads/main/icon.png,https://raw.githubusercontent.com/CoraTech-Wear/realive-3-Watchface/refs/heads/main/cover.png,watchface,??????;?????????;????????????;?????????;????????????,o66;o66nfc,coratech/realive3_trial.json,paid
?????????,https://raw.githubusercontent.com/leset0ng/lstReleaseForAstroBox/refs/heads/main/logo.png,https://raw.githubusercontent.com/leset0ng/lstReleaseForAstroBox/refs/heads/main/cover.png,quickapp,????????????;?????????;??????,n66;n67;o66;o66nfc;n62;o62;o63;o65,leset0ng/bandtoollevel.json,
SekaiUI ??????????????????,https://raw.githubusercontent.com/SmallK111407/SekaiUI_AstroBox/refs/heads/main/icon.png,https://raw.githubusercontent.com/SmallK111407/SekaiUI_AstroBox/refs/heads/main/%E5%A4%B4%E5%9B%BE.png,watchface,??????;????????????;????????????;????????????;????????????,n67;n65;o65;o65m;p65,smallk111407/SekaiUI_WatchFace.json,
??????,https://raw.githubusercontent.com/ChiHuan08/HuanXin_AstroBox/refs/heads/main/icon.png,https://raw.githubusercontent.com/ChiHuan08/HuanXin_AstroBox/refs/heads/main/%E5%A4%B4%E5%9B%BE.png,watchface,??????;????????????;??????;??€???,n67,ChiHuan08/huanxin_watchface.json,
????????????,https://raw.githubusercontent.com/NEORUAA/BandAlbum_AstroBox_Release/refs/heads/main/icon.png,https://raw.githubusercontent.com/NEORUAA/BandAlbum_AstroBox_Release/refs/heads/main/cover.png,quickapp,????????????;??????;??????;??????,o62;n62;o63;o62m;o66;o66nfc;n66;n67,neoruaa/band_album.json,
??????????????????,https://cdn.615873.xyz/gh/Internet1235/DeviceInfo_AstroBox_Release@main/icon.svg,https://cdn.615873.xyz/gh/Internet1235/DeviceInfo_AstroBox_Release@main/cover.svg,quickapp,????????????;????????????;????????????,n66;o66;o66nfc;n67;n62;o62;o62m;o63;o65;o65m,Internet1235/deviceinfo.json,
???????????????,https://raw.githubusercontent.com/waterflames-team/clartime-velaapp-astroinfo/heads/main/logo.png,https://raw.githubusercontent.com/waterflames-team/clartime-velaapp-astroinfo/heads/main/cover.png,quickapp,????????????;?????????;??€???;??????,n67,WaterFlames/clartime.json,
OK School Life,https://raw.githubusercontent.com/CheongSzesuen/OKSchoolLife_AstroBox_Release/refs/heads/main/icon.png,https://raw.githubusercontent.com/CheongSzesuen/OKSchoolLife_AstroBox_Release/refs/heads/main/head/head%401x.png,quickapp,??????;????????????;??????;????????????;??????;??????,n67;n66;o66;o66nfc,WaiJade/OK-School-Life.json,
playball,https://raw.githubusercontent.com/zyhsck/my_astrobox_ball/refs/heads/main/logo.png,https://raw.githubusercontent.com/zyhsck/my_astrobox_ball/refs/heads/main/cover.png,quickapp,??????,o65;o65m,mizuki/playball.json,
?€??????????????????????RPG ?????????????€????????????? +,https://raw.githubusercontent.com/hrsthrt74/MLRPG-brothership-for-astrobox/refs/heads/main/icon.png,https://raw.githubusercontent.com/hrsthrt74/MLRPG-brothership-for-astrobox/refs/heads/main/cover.png,watchface,?????????;?????????;?????????;NintendoSwitch;?????????;???????????????;??????;??€???,n67;o65;o65m,hrsthrt74/mlrpg_brothership.json,
PRiSM+,https://raw.githubusercontent.com/hrsthrt74/prism-plus-for-astrobox/refs/heads/main/icon.png,https://raw.githubusercontent.com/hrsthrt74/prism-plus-for-astrobox/refs/heads/main/cover.png,watchface,SEGA;maimaiDX;?????? DX;??€???;???????????????,n66;n67;o66;o66nfc;o65;o65m,hrsthrt74/prism_plus.json,
World of Race,https://raw.githubusercontent.com/hrsthrt74/world-of-race-for-astrobox/refs/heads/main/icon.png,https://raw.githubusercontent.com/hrsthrt74/world-of-race-for-astrobox/refs/heads/main/cover.png,watchface,?????????;?????????;NintendoSwitch;??€???,n67;o65;o65m,hrsthrt74/world_of_race.json,
The Commander ?????????,https://raw.githubusercontent.com/hrsthrt74/the-commander-for-astrobox/refs/heads/main/icon.png,https://raw.githubusercontent.com/hrsthrt74/the-commander-for-astrobox/refs/heads/main/cover.png,watchface,????????????,n67,hrsthrt74/the_commander.json,paid
PoP???P,https://raw.githubusercontent.com/hrsthrt74/pop-star-p-for-astrobox/refs/heads/main/icon.png,https://raw.githubusercontent.com/hrsthrt74/pop-star-p-for-astrobox/refs/heads/main/cover.png,watchface,?????????;????????????;??????;??€???;???????????????,n66;n67;o66;o66nfc;o62;o62m;o63;o65;o65m,hrsthrt74/pop_star_p.json,
????€??????????,https://raw.githubusercontent.com/Eric-qiqi/Jixuanyou-for-astrobox/refs/heads/main/icon.png,https://raw.githubusercontent.com/Eric-qiqi/Jixuanyou-for-astrobox/refs/heads/main/????????????.png,watchface,"??????,????€?,??????,?????????",n66;n67;o66;o66nfc,Ericqiqi/jixuanyou.json,
??????2 ?????????,https://raw.githubusercontent.com/OnDriveLine/Recircle2_AB/refs/heads/main/icon.png,https://raw.githubusercontent.com/OnDriveLine/Recircle2_AB/refs/heads/main/cover.png,watchface,??????;???????????????;????????????,n66;o66;o66nfc,xinghengCN/recircle2.json,paid
?€???????????€???????????????? ?????????,https://raw.githubusercontent.com/sf-yuzifu/Monika/refs/heads/main/icon.png,https://raw.githubusercontent.com/sf-yuzifu/Monika/refs/heads/main/preview.png,watchface,??????;?????????;???????????????;?????????;ddlc;DDLC;Doki Doki Literature Club;???????????????;?????????;???????????????;Monika;monika,n66;n67;o66;o66nfc,sf_yuzifu/monika_watchface.json,
????????????,https://raw.githubusercontent.com/Azumachiaki/block_life/refs/heads/main/icon.png,https://raw.githubusercontent.com/Azumachiaki/block_life/refs/heads/main/cover.png,quickapp,??????;??€?????????;????????????,n67;n66;o66;o66nfc,AzumaChiaki/block_life.json,force_paid
??????,https://raw.githubusercontent.com/Azumachiaki/Fading_Star/refs/heads/main/icon.png,https://raw.githubusercontent.com/Azumachiaki/Fading_Star/refs/heads/main/cover.png,quickapp,??????;?????????;????????????,n67;n66;o66;o66nfc,AzumaChiaki/Fading_Star.json,force_paid
???????????????Pro,https://raw.githubusercontent.com/Dreamqiucn/Furina_of_band_PRO/refs/heads/main/logo.png,https://raw.githubusercontent.com/Dreamqiucn/Furina_of_band_PRO/refs/heads/main/preview1.png,quickapp,??????;??????;??????;??????;??????,n66;n67;o66nfc;o66;o65;o65m,Dreamqiu/furina_of_band.json,force_paid
????????????,https://raw.githubusercontent.com/Dreamqiucn/feelingdiary-Astrobox/refs/heads/main/logo.png,https://raw.githubusercontent.com/Dreamqiucn/feelingdiary-Astrobox/refs/heads/main/preview1.png,quickapp,????????????;??????;??????;??????,n67,Dreamqiu/feelingdiary.json,
???????????????,https://raw.githubusercontent.com/Dreamqiucn/poem-Astrobox/refs/heads/main/logo.png,https://raw.githubusercontent.com/Dreamqiucn/poem-Astrobox/refs/heads/main/preview1.png,quickapp,????????????;??????;??????;????????????;??????;??????,n67,Dreamqiu/poem.json,
A.Chat,https://raw.githubusercontent.com/Azumachiaki/A.Chat/refs/heads/main/icon.png,https://raw.githubusercontent.com/Azumachiaki/A.Chat/refs/heads/main/cover.png,quickapp,????????????;????????????;??????,n67;n62;o62;o62m;o63;o65;o65m,AzumaChiaki/achat.json,paid
??????Dot,https://raw.githubusercontent.com/zaona/dot-astrobox-release/refs/heads/main/icon.png,https://raw.githubusercontent.com/zaona/dot-astrobox-release/refs/heads/main/preview.png,watchface,??????;??€???,o66;o66nfc,zaona/dot.json,
?????????,https://raw.githubusercontent.com/zyhsck/my_astrobox_tomatoclock/refs/heads/main/logo.png,https://raw.githubusercontent.com/zyhsck/my_astrobox_tomatoclock/refs/heads/main/cover.jpeg,quickapp,??????,o65;o65m,mizuki/tomatoclock.json,
???????????????,https://raw.githubusercontent.com/RX79XT/Multi-functional-component_AstroBox/refs/heads/main/icon.png,https://raw.githubusercontent.com/RX79XT/Multi-functional-component_AstroBox/refs/heads/main/preview1.png,watchface,?????????;??????;??€???,o62;o62m;n66;n62s,RX79XT/Multi-functional-component.json,paid
???????????????,https://raw.githubusercontent.com/yzl3014/AstroBox_Schulte/refs/heads/main/logo.png,https://raw.githubusercontent.com/yzl3014/AstroBox_Schulte/refs/heads/main/cover.png,quickapp,??????;???????????????;?????????;Schulte Grid,n67,yzl3014/schulte_grid.json,
ATRI,https://raw.githubusercontent.com/liuyuze61/ATRI_AstroBox/refs/heads/main/logo.png,https://raw.githubusercontent.com/liuyuze61/ATRI_AstroBox/refs/heads/main/preview.png,quickapp,galgame,o66;n66;o66nfc;n67,liuyuze61/ATRI.json,
????????????,https://raw.githubusercontent.com/easejun/cardSimulater_AstroBox_Release/refs/heads/main/icon.png,https://raw.githubusercontent.com/easejun/cardSimulater_AstroBox_Release/refs/heads/main/preview.png,quickapp,??????;??????,n66;n67;o65;o65m,easejun/cardSimulater.json,force_paid
?????????,https://raw.githubusercontent.com/easejun/arcaneArray_AstroBox_Release/refs/heads/main/icon.png,https://raw.githubusercontent.com/easejun/arcaneArray_AstroBox_Release/refs/heads/main/preview.png,quickapp,??????;????????????,n67;o65;o65m,easejun/arcaneArray.json,force_paid
??????,https://raw.githubusercontent.com/easejun/fish_AstroBox_Release/refs/heads/main/icon.png,https://raw.githubusercontent.com/easejun/fish_AstroBox_Release/refs/heads/main/preview.png,quickapp,??????;??????,n67;o65;o65m,easejun/fish.json,force_paid
?????????,https://raw.githubusercontent.com/SarmonFish/vela-doudizhu-release/refs/heads/main/icon.png,https://raw.githubusercontent.com/SarmonFish/vela-doudizhu-release/refs/heads/main/cover.png,quickapp,??????;?????????;??????,n67;n66;o66;o66nfc;o65;o65m;o62;o62m;n62,SarmonFish/vela-doudizhu.json,
???????????????,https://raw.githubusercontent.com/MapleMapleMa/Klein_Moretti/refs/heads/main/icon.png,https://raw.githubusercontent.com/MapleMapleMa/Klein_Moretti/refs/heads/main/??????.jpg,watchface,??????;????????????,"n66,o66,o66nfc",MapleMapleMa/KleinMoretti.json,
????????????,https://raw.githubusercontent.com/Tellmeway0/LearnBox/refs/heads/main/logo.png,https://raw.githubusercontent.com/Tellmeway0/LearnBox/refs/heads/main/cover.png,quickapp,??????;??????;??????,n67,Tellmeway/Learnbox.json,force_paid
??????Focus,https://raw.githubusercontent.com/Solan-486/Time-Y-Resource-Astrobox/refs/heads/main/icon.png,https://raw.githubusercontent.com/Solan-486/Time-Y-Resource-Astrobox/refs/heads/main/cover.png,quickapp,?????????;??????;????????????;??????;?????????,n67,Solan/Time-Y.json,force_paid
????????????,https://raw.githubusercontent.com/sf-yuzifu/ballsRace/refs/heads/main/icon.png,https://raw.githubusercontent.com/sf-yuzifu/ballsRace/refs/heads/main/preview.png,quickapp,??????;?????????;????????????;??????,n66;n67;o66;o66nfc,sf_yuzifu/ballsRace.json,
???????????? ??????,https://raw.githubusercontent.com/SmallK111407/KasumiWatchFace_AstroBox/refs/heads/main/icon.png,https://raw.githubusercontent.com/SmallK111407/KasumiWatchFace_AstroBox/refs/heads/main/%E5%A4%B4%E5%9B%BE.png,watchface,??????;?????????;????????????;?????????;????????????;?????????,n67,smallk111407/KasumiWatchFace.json,
??????,https://raw.githubusercontent.com/jfgege/Minesweeper-Vela/refs/heads/main/logo.png,https://raw.githubusercontent.com/jfgege/Minesweeper-Vela/refs/heads/main/header.png,quickapp,??????;??????;??????,n66;o66;o66nfc;n67;o65;n62;o62,JIFENG/Minesweeper.json,force_paid
?€????????€??????????,https://raw.githubusercontent.com/AL-1S-hash/AB-rc-pln/main/icon.png,https://raw.githubusercontent.com/AL-1S-hash/AB-rc-pln/main/preview0.png,watchface,??????;??????;?????????;????????????;???????????????,n67;n66;o66;o66nfc,sees/rcpln.json,paid
????????????-?????????,https://raw.githubusercontent.com/Hiqming/chuzhong/refs/heads/main/logo.png,https://raw.githubusercontent.com/Hiqming/chuzhong/refs/heads/main/1.jpg,quickapp,????????????;??????,n66;n67;o66;o66nfc,HiXiaomi/chuzhong.json,force_paid
????????????-?????????,https://raw.githubusercontent.com/Hiqming/gaozhong/refs/heads/main/logo.png,https://raw.githubusercontent.com/Hiqming/gaozhong/refs/heads/main/1.jpg,quickapp,????????????;??????,n66;n67;o66;o66nfc,HiXiaomi/gaozhong.json,force_paid
????????????,https://raw.githubusercontent.com/Hiqming/qymh/refs/heads/main/logo.png,https://raw.githubusercontent.com/Hiqming/qymh/refs/heads/main/1.jpg,quickapp,??????;??????,n66;n67;o66;o66nfc,HiXiaomi/qymh.json,force_paid
????????????,https://raw.githubusercontent.com/Hiqming/feiche/refs/heads/main/logo.png,https://raw.githubusercontent.com/Hiqming/feiche/refs/heads/main/1.jpg,quickapp,??????;??????;??????,n66;o66;o66nfc,HiXiaomi/feiche.json,force_paid
WindowsWF,https://raw.githubusercontent.com/wuhaiqi0621/WinWF_ForAstroBox/refs/heads/main/icon.png,https://raw.githubusercontent.com/wuhaiqi0621/WinWF_ForAstroBox/refs/heads/main/head.png,watchface,Windows;??????;??????;Win11;??????;??????,o66;o66nfc,charlie_q/WindowsWF.json,
?????????2048,https://raw.githubusercontent.com/CheongSzesuen/Isotope2048_AstroBox_Release/refs/heads/main/logo.png,https://raw.githubusercontent.com/CheongSzesuen/Isotope2048_AstroBox_Release/refs/heads/main/head/Isotope2048.png,quickapp,2048;??????;??????;??????;??????;??????,n66;o66;o66nfc;n67,WaiJade/Isotope2048.json,
????????????,https://raw.githubusercontent.com/DDguan2010/vela-minesweeper/refs/heads/main/icon.png,https://raw.githubusercontent.com/DDguan2010/vela-minesweeper/refs/heads/main/preview0.png,quickapp,??????;??????;??????,o66;o66nfc;n66,02studio/minesweeper.json,force_paid
?€??????????????€???????????????????,https://raw.githubusercontent.com/Demon0H/partygame_miband/refs/heads/main/icon.png,https://raw.githubusercontent.com/Demon0H/partygame_miband/refs/heads/main/cover.png,quickapp,??????;??????;????????????,"n66,n67,o66,o66nfc",Demon_H/partygame.json,paid
???????????€?????????,https://raw.githubusercontent.com/DDguan2010/vela-liferestart/refs/heads/main/icon.png,https://raw.githubusercontent.com/DDguan2010/vela-liferestart/refs/heads/main/preview0.png,quickapp,??????;??????;???????????€;??????,o66;o66nfc;n66,02studio/liferestart.json,
??????????€???????,https://raw.githubusercontent.com/Ziyimiao5054/Snow-Mountain/refs/heads/main/icon.png,https://raw.githubusercontent.com/Ziyimiao5054/Snow-Mountain/refs/heads/main/cover.png,watchface,??????;????€?;??????,o66;o66nfc,ziyimiao5054/Snow-Mountain.json,
????????????????????????,https://raw.githubusercontent.com/Dreamqiucn/rcalculate-Astrobox/refs/heads/main/logo.png,https://raw.githubusercontent.com/Dreamqiucn/rcalculate-Astrobox/refs/heads/main/preview1.png,quickapp,????????????;??????;?????????,n67,Dreamqiu/rcalculate.json,
??????Starfield for Xiaomi Watch S4,https://raw.githubusercontent.com/MineBabyBlue/Starfield_Watchface_AstroBox_Release-main/refs/heads/main/icon.png,https://raw.githubusercontent.com/MineBabyBlue/Starfield_Watchface_AstroBox_Release-main/refs/heads/main/preview.png,watchface,??????;Starfield;??????;??????;?????????;??????,o62,BabyBlue/StarfieldS4.json,
??????mita????€?????????????,https://raw.githubusercontent.com/MineBabyBlue/Mita_Watchface_AstroBox_Release-main/refs/heads/main/icon.png,https://raw.githubusercontent.com/MineBabyBlue/Mita_Watchface_AstroBox_Release-main/refs/heads/main/preview.png,watchface,?????????;?????????;??????;??????;??????,n67,BabyBlue/Mita.json,
????????????????????????????????????,https://raw.githubusercontent.com/MineBabyBlue/CatMuyu_Watchface_AstroBox_Release-main/refs/heads/main/icon.png,https://raw.githubusercontent.com/MineBabyBlue/CatMuyu_Watchface_AstroBox_Release-main/refs/heads/main/preview.png,watchface,?????????;?????????;??????;??????;??????,n67;o66,BabyBlue/CatMuyu.json,paid
WORDLE,https://raw.githubusercontent.com/SarmonFish/vela-wordle-release/refs/heads/main/icon.png,https://raw.githubusercontent.com/SarmonFish/vela-wordle-release/refs/heads/main/cover.png,quickapp,??????;??????;??????,n67;n66;o66;o66nfc;o65;o65m;o62;o62m;n62,SarmonFish/vela-wordle.json,
Contrasting colors,https://raw.githubusercontent.com/Azumachiaki/ctls/refs/heads/main/icon.png,https://raw.githubusercontent.com/Azumachiaki/ctls/refs/heads/main/cover.png,watchface,??????;??????;AstroBox??????,n67,AzumaChiaki/ctls.json,
Unlock mi Phone,https://raw.githubusercontent.com/Azumachiaki/ulmp/refs/heads/main/icon.png,https://raw.githubusercontent.com/Azumachiaki/ulmp/refs/heads/main/cover.png,quickapp,??????;??????;AstroBox??????;???,n67,AzumaChiaki/ulmp.json,
????????????,https://raw.githubusercontent.com/Ziyimiao5054/Drawing-Carve/refs/heads/main/icon.png,https://raw.githubusercontent.com/Ziyimiao5054/Drawing-Carve/refs/heads/main/cover.png,watchface,??????;?????????;??????;??????,o66;o66nfc,ziyimiao5054/Drawing_Carve.json,
Material You,https://raw.githubusercontent.com/YangWan233/Material-You_AstroBox/refs/heads/main/icon.png,https://raw.githubusercontent.com/YangWan233/Material-You_AstroBox/refs/heads/main/cover.png,watchface,??????;??????;??€???,n67,YangWan233/Material You.json,
????????????,https://raw.githubusercontent.com/Dreamqiucn/cybergua-Astrobox/refs/heads/main/logo.png,https://raw.githubusercontent.com/Dreamqiucn/cybergua-Astrobox/refs/heads/main/preview1.png,quickapp,????????????;??????;??????;??????,n67,Dreamqiu/cybergua.json,
???????????????,https://raw.githubusercontent.com/OrPudding/MiRun-BandTwine/main/icon.png,https://raw.githubusercontent.com/OrPudding/MiRun-BandTwine/main/cover.png,quickapp,??????;??????;????????????;AstroBox??????;???;??????,n66;o66;n62;o62;o62m;o66nfc;n67,OrPudding/mirun.json,
????€??????????,https://raw.githubusercontent.com/Dreamqiucn/angryballs-Astrobox/refs/heads/main/logo.png,https://raw.githubusercontent.com/Dreamqiucn/angryballs-Astrobox/refs/heads/main/preview1.png,quickapp,??????;2d;??????,n67;n66;o66;o66nfc,Dreamqiu/angryballs.json,force_paid
SimpleRSS ??€???,https://raw.githubusercontent.com/yzl3014/AstroBox_SimpleRSS/refs/heads/main/logo.png,https://raw.githubusercontent.com/yzl3014/AstroBox_SimpleRSS/refs/heads/main/cover.png,quickapp,??????;??????;RSS,n67,yzl3014/simpleRSS.json,
MIPhone Go,https://raw.githubusercontent.com/wanggantian/MIPhonego/refs/heads/main/icon.png,https://raw.githubusercontent.com/wanggantian/MIPhonego/refs/heads/main/cover.png,quickapp,??????;??????;???,n67,wanggantian/MIPhonego.json,
???????????????,https://raw.githubusercontent.com/DDguan2010/vela-poem/refs/heads/main/icon.png,https://raw.githubusercontent.com/DDguan2010/vela-poem/refs/heads/main/preview0.png,quickapp,??????;?????????;??????,o66;o66nfc;n66;n67,02studio/poem.json,force_paid
??????????€?_S4,https://raw.githubusercontent.com/Ziyimiao5054/Snow-Mountain_S4/refs/heads/main/icon.png,https://raw.githubusercontent.com/Ziyimiao5054/Snow-Mountain_S4/refs/heads/main/cover.png,watchface,??????;????€?;??????,o62;o62m,ziyimiao5054/Snow-Mountain_S4.json,
BanGUI ????????????,https://raw.githubusercontent.com/SmallK111407/BanGUI_ChihayaAnon_AstroBox/refs/heads/main/icon.png,https://raw.githubusercontent.com/SmallK111407/BanGUI_ChihayaAnon_AstroBox/refs/heads/main/cover.png,watchface,??????;?????????;????????????;?????????;????????????;?????????,o66;o66nfc,smallk111407/BanGUI_ChihayaAnon.json,paid
????????????,https://raw.githubusercontent.com/MapleMapleMa/SmartVibrator/refs/heads/main/icon.png,https://raw.githubusercontent.com/MapleMapleMa/SmartVibrator/refs/heads/main/??????.png,quickapp,??????;????????????,o66;o66nfc,MapleMapleMa/SmartVibrator.json,
Physium,https://raw.githubusercontent.com/asahiqin/physium-aiot/refs/heads/main/src/common/logo.png,https://raw.githubusercontent.com/asahiqin/physium-release/refs/heads/main/cover.png,quickapp,??????;????????????;??€???,n66;n67,asahiqin/physium-aiot.json,
?????€??????,https://raw.githubusercontent.com/wuhaiqi0621/HuaKaiWangYou_ForAstroBox/refs/heads/main/icon.png,https://raw.githubusercontent.com/wuhaiqi0621/HuaKaiWangYou_ForAstroBox/refs/heads/main/head.png,watchface,??????;??€???;??????;???,n67,charlie_q/HuaKaiWangYou.json,
????????????????????????,https://raw.githubusercontent.com/liuyuze61/Asunabi_AstroBox/refs/heads/main/logo.png,https://raw.githubusercontent.com/liuyuze61/Asunabi_AstroBox/refs/heads/main/preview.png,quickapp,galgame;??????,n67;o66;o66nfc,liuyuze61/Asunabi.json,
JSLab,https://raw.githubusercontent.com/cciccicu/JSLab_AstroBox_Release/refs/heads/main/logo.png,https://raw.githubusercontent.com/cciccicu/JSLab_AstroBox_Release/refs/heads/main/cover.png,quickapp,JS;??????,n67,ccicc.icu/jslab.json,
authRD,https://raw.githubusercontent.com/hrsthrt74/authRD-for-astrobox/refs/heads/main/icon.png,https://raw.githubusercontent.com/hrsthrt74/authRD-for-astrobox/refs/heads/main/cover.png,watchface,????????????;?€???????;?????????;??????,n67,hrsthrt74/authRD.json,
?????????2048,https://raw.githubusercontent.com/CheongSzesuen/B2048_AstroBox_Release/refs/heads/main/logo.png,https://raw.githubusercontent.com/CheongSzesuen/B2048_AstroBox_Release/refs/heads/main/head/head.png,quickapp,2048;??????;?????????2048;??????,o66;o66nfc,WaiJade/B2048.json,
Smart-Box,https://raw.githubusercontent.com/Emptysets/SmartBox/refs/heads/main/icon.png,https://raw.githubusercontent.com/Emptysets/SmartBox/refs/heads/main/preview.png,quickapp,?????????;????????????;??????,"n66,n67",Emptysets/smartbox.json,
????????????,https://raw.githubusercontent.com/Tellmeway0/RememberHistory/main/logo.png,https://raw.githubusercontent.com/Tellmeway0/RememberHistory/main/rh_cover.png,quickapp,??????;??????;??????,n67,Tellmeway/RememberHistory.json,
banDS,https://raw.githubusercontent.com/hrsthrt74/banDS-for-astrobox/refs/heads/main/icon.png,https://raw.githubusercontent.com/hrsthrt74/banDS-for-astrobox/refs/heads/main/cover.png,watchface,?????????;Y2K;??????;?????????;?????????;??????;?????????;???????????????;??????;??????,n67,hrsthrt74/banDS.json,
Ocean,https://raw.githubusercontent.com/YangWan233/Ocean_AstroBox/refs/heads/main/icon.png,https://raw.githubusercontent.com/YangWan233/Ocean_AstroBox/refs/heads/main/cover.png,watchface,??????;??????;?????????;??????;??????,n67,YangWan233/Ocean.json,
Poster,https://raw.githubusercontent.com/virelyx258/Vela_Poster/refs/heads/main/icon.png,https://raw.githubusercontent.com/virelyx258/Vela_Poster/refs/heads/main/2233poster.png,quickapp,??????;????????????;??????,o65;o65m,Virelyx/Poster.json,
MaxTab,https://raw.githubusercontent.com/Goge052215/MaxTab/refs/heads/main/logo.png,https://raw.githubusercontent.com/Goge052215/MaxTab/refs/heads/main/head_image.png,quickapp,?????????;????????????;??????,o66;o66nfc,goge052215/MaxTab.json,
WF2,https://raw.githubusercontent.com/hrsthrt74/WF2-for-astrobox/refs/heads/main/icon.png,https://raw.githubusercontent.com/hrsthrt74/WF2-for-astrobox/refs/heads/main/cover.png,watchface,?????????;??€???;NintendoSwitch;??????;?????????;????????????;??????;??????,n67,hrsthrt74/WF2.json,
realive 3 Classic F4,https://raw.githubusercontent.com/yizigezi/realive-3-Classic-F4/refs/heads/main/images/logo.png,https://raw.githubusercontent.com/yizigezi/realive-3-Classic-F4/refs/heads/main/images/preview.png,watchface,??????;??????;??????;??????;????????????4;?????????,o66;o66nfc,coratech/realive3classicf4.json,
?€?????€?UI,https://raw.githubusercontent.com/AL-1S-hash/AB-y/refs/heads/main/icon.png,https://raw.githubusercontent.com/AL-1S-hash/AB-y/refs/heads/main/tt.png,watchface,??????;??????;????????????;?????????;?????????;?????????,o66nfc;n67;o66,sees/ab-y.json,force_paid
??€?????????,https://raw.githubusercontent.com/zaona/simple-weather-astrobox-release/refs/heads/main/icon.png,https://raw.githubusercontent.com/zaona/simple-weather-astrobox-release/refs/heads/main/preview.png,quickapp,??????;??????,n66;n67;o66;o66nfc;o62;o62m;o65;o65m;p65,zaona/simple-weather.json,
FlappyBird Pro,https://raw.githubusercontent.com/YangWan233/FlappyBird-Pro_AstroBox/refs/heads/main/icon.png,https://raw.githubusercontent.com/YangWan233/FlappyBird-Pro_AstroBox/refs/heads/main/cover.png,quickapp,??????;??????;??????,n67,YangWan233/FlappyBirdPro.json,
MaterialFlex ?????????,https://raw.githubusercontent.com/hrsthrt74/MaterialFlex-for-astrobox/refs/heads/main/icon.png,https://raw.githubusercontent.com/hrsthrt74/MaterialFlex-for-astrobox/refs/heads/main/cover.png,watchface,MaterialDesign;????????????;??€???;?????????;?????????;??????,o66;o66nfc,hrsthrt74/MaterialFlex.json,paid
MaterialMania,https://raw.githubusercontent.com/hrsthrt74/MaterialMania-for-astrobox/refs/heads/main/icon.png,https://raw.githubusercontent.com/hrsthrt74/MaterialMania-for-astrobox/refs/heads/main/cover.png,watchface,MaterialDesign;????????????;??€???,o66nfc;o66,hrsthrt74/MaterialMania.json,
authRD - ?????????,https://raw.githubusercontent.com/hrsthrt74/authRD-kaltsit-for-astrobox/refs/heads/main/icon.png,https://raw.githubusercontent.com/hrsthrt74/authRD-kaltsit-for-astrobox/refs/heads/main/cover.png,watchface,????????????;?????????;??????,o62;o62m,hrsthrt74/authRD_kaltsit.json,
????€???????????????????,https://raw.githubusercontent.com/liuyuze61/BraveCommand_Dungeons_AstroBox/refs/heads/main/logo.png,https://raw.githubusercontent.com/liuyuze61/BraveCommand_Dungeons_AstroBox/refs/heads/main/preview10.png,quickapp,??????;?????????;jrpg;????????????,n67;o65;o65m;n66,liuyuze61/BraveCommand_Dungeons.json,force_paid
OMusic,https://raw.githubusercontent.com/OrPudding/OMusic-AstroBox-Resource/main/icon.png,https://raw.githubusercontent.com/OrPudding/OMusic-AstroBox-Resource/main/cover.png,quickapp,??????;????????????;??€???,n62;o62;o62m;o65;o65m;p65,OrPudding/omusic.json,force_paid
BandTwine,https://raw.githubusercontent.com/OrPudding/BandTwine_AstroBox_Release/refs/heads/main/icon.png,https://raw.githubusercontent.com/OrPudding/BandTwine_AstroBox_Release/refs/heads/main/cover.png,quickapp,"??????;????????????,????????????,????????????;????????????",n62;n66;n67;o62;o66;o66nfc,OrPudding/bandtwine.json,
MerquryIM Dev,https://raw.githubusercontent.com/CoraTech-Wear/merqury-astrobox-res/refs/heads/main/icon.png,https://raw.githubusercontent.com/CoraTech-Wear/merqury-astrobox-res/refs/heads/main/cover.png,quickapp,??????;IM;QQ;??€???,o65m;o62m;o62,coratech/merquryim.json,
?????????,https://raw.githubusercontent.com/mqycn/huile8-miband/refs/heads/main/icon.png,https://raw.githubusercontent.com/mqycn/huile8-miband/refs/heads/main/preview.png,quickapp,????????????,n62;o62;o62m;o65;o65m;n66;n67,mqycn/huile8.json,
SMusic,https://raw.githubusercontent.com/SarmonFish/vela-smusic-release/main/icon.png,https://raw.githubusercontent.com/SarmonFish/vela-smusic-release/main/cover.png,quickapp,??????;????????????;??€???,n62;o62;o62m;o65;o65m;p65,SarmonFish/SMusic.json,
FlowChat,https://raw.githubusercontent.com/zaona/flow-chat-astrobox-release/refs/heads/main/icon.png,https://raw.githubusercontent.com/zaona/flow-chat-astrobox-release/refs/heads/main/preview.png,quickapp,????????????,n66;n67;o66;o66nfc;o62;o62m;o65;o65m;p65,zaona/flow-chat.json,force_paid
HyperSurf???????????????,https://raw.githubusercontent.com/AetherZeng1145/HyperSurf_Res/refs/heads/main/logo.png,https://raw.githubusercontent.com/AetherZeng1145/HyperSurf_Res/refs/heads/main/preview.png,quickapp,?????????;??????;????????????,o62;n62;o62m,AetherZeng1145/HyperSurf.json,
???????????????? ,https://raw.githubusercontent.com/midi-HL/-MyGO-/refs/heads/main/icon.jpg,https://raw.githubusercontent.com/midi-HL/-MyGO-/refs/heads/main/xmbnad9.png,watchface,????,M2345B1,Hlchenxing/MyGO!!!!!.json,
